<?xml version="1.0" encoding="UTF-8"?>
<LightningComponentBundle xmlns="http://soap.sforce.com/2006/04/metadata">
    <apiVersion>61.0</apiVersion>
    <isExposed>true</isExposed>

    <targets>
        <target>lightning__AppPage</target>
        <target>lightning__RecordPage</target>
        <target>lightning__HomePage</target>
        <target>lightningCommunity__Page</target>
        <target>lightningCommunity__Default</target>
    </targets>
    
    <targetConfigs>
        <targetConfig targets="lightning__AppPage, lightning__RecordPage, lightning__HomePage">
            <property name="chartHeader" type="String" label="Chart Header"/>
            <property name="chartData" type="String" label="Chart Data"/>
            <property name="chartColors" type="String" label="Chart Colors"/>
            <property name="chartInfoText" type="String" label="Chart Info Text"/>
            <property name="chartInfoTextLink" type="String" label="Chart Info Text Link"/>
            <property name="lowSurcharge" type="String" label="Low surcharge"/>
            <property name="fuelSurcharge" type="String" label="Fuel surcharge"/>
        </targetConfig>
        <targetConfig targets="lightningCommunity__Default">
            <property name="chartHeader" type="String" label="Chart Header"/>
            <property name="chartData" type="String" label="Chart Data"/>
            <property name="chartColors" type="String" label="Chart Colors"/>
            <property name="chartInfoText" type="String" label="Chart Info Text"/>
            <property name="chartInfoTextLink" type="String" label="Chart Info Text Link"/>
            <property name="lowSurcharge" type="String" label="Low surcharge"/>
            <property name="fuelSurcharge" type="String" label="Fuel surcharge"/>
        </targetConfig>
    </targetConfigs>
</LightningComponentBundle>