<?xml version="1.0" encoding="UTF-8"?>
<LightningComponentBundle xmlns="http://soap.sforce.com/2006/04/metadata">
    <apiVersion>61.0</apiVersion>
    <isExposed>true</isExposed>
    <targets>
        <target>lightning__AppPage</target>
        <target>lightning__RecordPage</target>
        <target>lightning__HomePage</target>
        <target>lightningCommunity__Page</target>
        <target>lightningCommunity__Default</target>
    </targets>
    <!-- <targetConfigs> -->
        <!-- <targetConfig targets="lightning__AppPage, lightning__RecordPage, lightning__HomePage">
            
            <property name="chartData" type="String" label="Chart Data"/>
            <property name="chartLabels" type="String" label="Chart Labels"/>
            <property name="chartColors" type="String" label="Chart Colors"/>
            <property name="title" type="String" label="Title"/>
            <property name="subTitle" type="String" label="Sub Title"/>
        </targetConfig>
        <targetConfig targets="lightningCommunity__Default">
           
            <property name="chartData" type="String" label="Chart Data"/>
            <property name="chartLabels" type="String" label="Chart Labels"/>
            <property name="chartColors" type="String" label="Chart Colors"/>
            <property name="title" type="String" label="Title"/>
            <property name="subTitle" type="String" label="Sub Title"/>
        </targetConfig> -->
    <!-- </targetConfigs> -->
</LightningComponentBundle>